"Netz-Code";"Netzname";"Pad-Anzahl";"Via-Anzahl";"Via-L채nge";"Leiterbahnl채nge";"Die-L채nge";"Netzl채nge";
002;"Net-(AE1-Pad1)";3;0;0,0000 mm;0,0000 mm;0,0000 mm;0,0000 mm;
003;"+5V";33;0;0,0000 mm;0,0000 mm;0,0000 mm;0,0000 mm;
004;"+3V3";31;1;1,5194 mm;1,1021 mm;0,0000 mm;2,6215 mm;
005;"+1V2";3;0;0,0000 mm;0,0000 mm;0,0000 mm;0,0000 mm;
006;"Net-(L1-Pad1)";2;0;0,0000 mm;0,0000 mm;0,0000 mm;0,0000 mm;
007;"Net-(L2-Pad1)";2;0;0,0000 mm;0,0000 mm;0,0000 mm;0,0000 mm;
008;"Net-(L3-Pad1)";2;0;0,0000 mm;0,0000 mm;0,0000 mm;0,0000 mm;
009;"Net-(C1-Pad1)";4;0;0,0000 mm;0,0000 mm;0,0000 mm;0,0000 mm;
010;"+1V4";4;0;0,0000 mm;0,0000 mm;0,0000 mm;0,0000 mm;
011;"Net-(R3-Pad2)";3;0;0,0000 mm;0,0000 mm;0,0000 mm;0,0000 mm;
012;"Net-(C10-Pad2)";13;0;0,0000 mm;0,0000 mm;0,0000 mm;0,0000 mm;
013;"Net-(R5-Pad2)";3;0;0,0000 mm;0,0000 mm;0,0000 mm;0,0000 mm;
015;"Net-(R7-Pad2)";3;0;0,0000 mm;0,0000 mm;0,0000 mm;0,0000 mm;
016;"Net-(C2-Pad1)";4;0;0,0000 mm;0,0000 mm;0,0000 mm;0,0000 mm;
017;"VDD_HIGH";6;1;1,5194 mm;0,5450 mm;0,0000 mm;2,0644 mm;
018;"/Memory/VDD_RAM_REF";6;3;4,5582 mm;16,5703 mm;0,0000 mm;21,1285 mm;
019;"/Network/PHY_LED0";2;0;0,0000 mm;0,0000 mm;0,0000 mm;0,0000 mm;
020;"/Network/PHY_LED1";2;0;0,0000 mm;0,0000 mm;0,0000 mm;0,0000 mm;
021;"+1V35";74;10;15,1940 mm;28,2178 mm;0,0000 mm;43,4118 mm;
022;"Net-(C72-Pad2)";3;0;0,0000 mm;0,0000 mm;0,0000 mm;0,0000 mm;
023;"AGND2";299;15;22,7910 mm;16,8841 mm;0,0000 mm;39,6751 mm;
024;"/Network/~{PHYRST}";2;0;0,0000 mm;0,0000 mm;0,0000 mm;0,0000 mm;
025;"Net-(J1-Pad9)";1;0;0,0000 mm;0,0000 mm;0,0000 mm;0,0000 mm;
026;"PWR_EN";5;0;0,0000 mm;0,0000 mm;0,0000 mm;0,0000 mm;
028;"DRV";14;0;0,0000 mm;0,0000 mm;0,0000 mm;0,0000 mm;
029;"LED1";2;0;0,0000 mm;0,0000 mm;0,0000 mm;0,0000 mm;
030;"LED2";2;0;0,0000 mm;0,0000 mm;0,0000 mm;0,0000 mm;
031;"LED3";2;0;0,0000 mm;0,0000 mm;0,0000 mm;0,0000 mm;
032;"LED4";2;0;0,0000 mm;0,0000 mm;0,0000 mm;0,0000 mm;
033;"Net-(D5-Pad1)";3;0;0,0000 mm;0,0000 mm;0,0000 mm;0,0000 mm;
034;"Net-(D6-Pad1)";3;0;0,0000 mm;0,0000 mm;0,0000 mm;0,0000 mm;
035;"Net-(D7-Pad1)";3;0;0,0000 mm;0,0000 mm;0,0000 mm;0,0000 mm;
036;"Net-(D8-Pad1)";3;0;0,0000 mm;0,0000 mm;0,0000 mm;0,0000 mm;
037;"/Memory/SD1_DAT2";2;0;0,0000 mm;0,0000 mm;0,0000 mm;0,0000 mm;
038;"LED5";2;0;0,0000 mm;0,0000 mm;0,0000 mm;0,0000 mm;
039;"/Memory/SD1_DAT3";2;0;0,0000 mm;0,0000 mm;0,0000 mm;0,0000 mm;
040;"Net-(J4-Pad3)";2;0;0,0000 mm;0,0000 mm;0,0000 mm;0,0000 mm;
041;"/Memory/SD1_CMD";2;0;0,0000 mm;0,0000 mm;0,0000 mm;0,0000 mm;
042;"/Memory/SD1_CLK";2;0;0,0000 mm;0,0000 mm;0,0000 mm;0,0000 mm;
043;"/Memory/SD1_DAT0";2;0;0,0000 mm;0,0000 mm;0,0000 mm;0,0000 mm;
044;"Net-(J4-Pad6)";2;0;0,0000 mm;0,0000 mm;0,0000 mm;0,0000 mm;
045;"Net-(J4-Pad7)";2;0;0,0000 mm;0,0000 mm;0,0000 mm;0,0000 mm;
046;"Net-(J6-Pad4)";1;0;0,0000 mm;0,0000 mm;0,0000 mm;0,0000 mm;
047;"/Memory/SD1_DAT1";2;0;0,0000 mm;0,0000 mm;0,0000 mm;0,0000 mm;
048;"Net-(D3-Pad2)";2;0;0,0000 mm;0,0000 mm;0,0000 mm;0,0000 mm;
052;"Net-(D4-Pad2)";2;0;0,0000 mm;0,0000 mm;0,0000 mm;0,0000 mm;
056;"Net-(D9-Pad1)";3;0;0,0000 mm;0,0000 mm;0,0000 mm;0,0000 mm;
057;"Net-(D10-Pad1)";3;0;0,0000 mm;0,0000 mm;0,0000 mm;0,0000 mm;
065;"Net-(D11-Pad2)";2;0;0,0000 mm;0,0000 mm;0,0000 mm;0,0000 mm;
084;"/Memory/NAND_DAT2";2;0;0,0000 mm;0,0000 mm;0,0000 mm;0,0000 mm;
088;"LED6";2;0;0,0000 mm;0,0000 mm;0,0000 mm;0,0000 mm;
091;"Net-(J4-Pad2)";2;0;0,0000 mm;0,0000 mm;0,0000 mm;0,0000 mm;
092;"DP5-";2;0;0,0000 mm;0,0000 mm;0,0000 mm;0,0000 mm;
093;"DP5+";2;0;0,0000 mm;0,0000 mm;0,0000 mm;0,0000 mm;
094;"DP6-";2;0;0,0000 mm;0,0000 mm;0,0000 mm;0,0000 mm;
095;"DP6+";2;0;0,0000 mm;0,0000 mm;0,0000 mm;0,0000 mm;
096;"/Memory/NAND_DAT1";2;1;1,5194 mm;1,1145 mm;0,0000 mm;2,6339 mm;
103;"/Sound/RIGHT";2;0;0,0000 mm;0,0000 mm;0,0000 mm;0,0000 mm;
104;"/Sound/LEFT";2;0;0,0000 mm;0,0000 mm;0,0000 mm;0,0000 mm;
105;"/Memory/NAND_CMD";2;1;1,5194 mm;1,1021 mm;0,0000 mm;2,6215 mm;
106;"/Network/ENET1_MDC";2;0;0,0000 mm;0,0000 mm;0,0000 mm;0,0000 mm;
107;"Net-(R37-Pad2)";3;0;0,0000 mm;0,0000 mm;0,0000 mm;0,0000 mm;
108;"/Network/ENET1_MDIO";2;0;0,0000 mm;0,0000 mm;0,0000 mm;0,0000 mm;
109;"Net-(R39-Pad2)";3;0;0,0000 mm;0,0000 mm;0,0000 mm;0,0000 mm;
111;"/Memory/NAND_DAT3";2;0;0,0000 mm;0,0000 mm;0,0000 mm;0,0000 mm;
112;"/Memory/NAND_DAT0";2;1;1,5194 mm;1,1145 mm;0,0000 mm;2,6339 mm;
113;"/Memory/NAND_CLK";2;0;0,0000 mm;0,0000 mm;0,0000 mm;0,0000 mm;
114;"/Network/ENET1_RXER";2;0;0,0000 mm;0,0000 mm;0,0000 mm;0,0000 mm;
119;"/Network/ENET1_TXD1";2;0;0,0000 mm;0,0000 mm;0,0000 mm;0,0000 mm;
120;"/Network/ENET1_TXD0";2;0;0,0000 mm;0,0000 mm;0,0000 mm;0,0000 mm;
121;"/Network/ENET1_REFCLK";2;0;0,0000 mm;0,0000 mm;0,0000 mm;0,0000 mm;
122;"/Network/ENET1_RXD1";2;0;0,0000 mm;0,0000 mm;0,0000 mm;0,0000 mm;
123;"/Network/ENET1_TXCLK";2;0;0,0000 mm;0,0000 mm;0,0000 mm;0,0000 mm;
124;"/Network/ENET1_TXEN";2;0;0,0000 mm;0,0000 mm;0,0000 mm;0,0000 mm;
125;"/Network/ENET1_RXD0";2;0;0,0000 mm;0,0000 mm;0,0000 mm;0,0000 mm;
126;"/Memory/MMDC_A14";3;4;6,0776 mm;45,0033 mm;0,0000 mm;51,0809 mm;
127;"/Memory/MMDC_A6";3;4;6,0776 mm;46,9948 mm;0,0000 mm;53,0724 mm;
128;"/Memory/MMDC_~{RST}";3;3;4,5582 mm;32,0407 mm;0,0000 mm;36,5989 mm;
133;"/Memory/MMDC_BA1";3;4;6,0776 mm;49,5204 mm;0,0000 mm;55,5980 mm;
134;"/Memory/MMDC_A1";3;4;6,0776 mm;50,1320 mm;0,0000 mm;56,2096 mm;
135;"/Memory/MMDC_A13";3;5;7,5970 mm;52,6494 mm;0,0000 mm;60,2464 mm;
136;"/Memory/MMDC_A7";3;5;7,5970 mm;57,7445 mm;0,0000 mm;65,3415 mm;
137;"/Memory/MMDC_~{CS1}";2;4;6,0776 mm;44,3309 mm;0,0000 mm;50,4085 mm;
140;"/Memory/MMDC_~{WE}";3;4;6,0776 mm;64,3434 mm;0,0000 mm;70,4210 mm;
141;"/Memory/MMDC_~{CAS}";3;5;7,5970 mm;63,4319 mm;0,0000 mm;71,0289 mm;
142;"/Memory/MMDC_CKE1";2;3;4,5582 mm;45,2523 mm;0,0000 mm;49,8105 mm;
143;"/Memory/MMDC_A8";3;5;7,5970 mm;54,9060 mm;0,0000 mm;62,5030 mm;
147;"/Memory/MMDC_A2";3;5;7,5970 mm;53,4252 mm;0,0000 mm;61,0222 mm;
148;"/Memory/MMDC_BA2";3;5;7,5970 mm;43,5367 mm;0,0000 mm;51,1337 mm;
149;"/Memory/MMDC_A11";3;4;6,0776 mm;41,5483 mm;0,0000 mm;47,6259 mm;
150;"/Memory/MMDC_A4";3;5;7,5970 mm;52,6498 mm;0,0000 mm;60,2468 mm;
151;"/Memory/MMDC_A15";1;2;3,0388 mm;34,8144 mm;0,0000 mm;37,8532 mm;
156;"/Memory/MMDC_A5";3;4;6,0776 mm;55,1513 mm;0,0000 mm;61,2289 mm;
157;"/Memory/MMDC_A9";3;4;6,0776 mm;49,8020 mm;0,0000 mm;55,8796 mm;
158;"/Memory/MMDC_A12";3;5;7,5970 mm;55,7249 mm;0,0000 mm;63,3219 mm;
159;"/Memory/MMDC_A0";3;5;7,5970 mm;69,4227 mm;0,0000 mm;77,0197 mm;
169;"/Memory/MMDC_BA0";3;4;6,0776 mm;40,8193 mm;0,0000 mm;46,8969 mm;
170;"/Memory/MMDC_A3";3;4;6,0776 mm;62,9399 mm;0,0000 mm;69,0175 mm;
171;"/Memory/MMDC_CKE0";2;1;1,5194 mm;0,6157 mm;0,0000 mm;2,1351 mm;
172;"/Memory/MMDC_A10";3;5;7,5970 mm;54,7594 mm;0,0000 mm;62,3564 mm;
173;"/Memory/MMDC_~{RAS}";3;5;7,5970 mm;51,6522 mm;0,0000 mm;59,2492 mm;
179;"/Memory/MMDC_~{CS0}";2;2;3,0388 mm;17,0956 mm;0,0000 mm;20,1344 mm;
180;"Net-(R11-Pad1)";1;0;0,0000 mm;0,0000 mm;0,0000 mm;0,0000 mm;
181;"Net-(C90-Pad2)";5;0;0,0000 mm;0,0000 mm;0,0000 mm;0,0000 mm;
193;"/Memory/MMDC_CLK_P";3;5;7,5970 mm;49,2501 mm;0,0000 mm;56,8471 mm;
194;"/Memory/MMDC_CLK_N";3;3;4,5582 mm;52,0786 mm;0,0000 mm;56,6368 mm;
195;"/Memory/MMDC_D13";3;5;7,5970 mm;42,0245 mm;0,0000 mm;49,6215 mm;
196;"/Memory/MMDC_D12";3;3;4,5582 mm;49,5045 mm;0,0000 mm;54,0627 mm;
207;"/Memory/MMDC_D15";3;4;6,0776 mm;37,5886 mm;0,0000 mm;43,6662 mm;
208;"/Memory/MMDC_D14";3;4;6,0776 mm;37,2377 mm;0,0000 mm;43,3153 mm;
209;"/Memory/MMDC_D11";3;5;7,5970 mm;44,2152 mm;0,0000 mm;51,8122 mm;
215;"Net-(C93-Pad2)";2;0;0,0000 mm;0,0000 mm;0,0000 mm;0,0000 mm;
216;"Net-(C94-Pad2)";2;0;0,0000 mm;0,0000 mm;0,0000 mm;0,0000 mm;
217;"/Memory/MMDC_D0";3;5;7,5970 mm;55,6835 mm;0,0000 mm;63,2805 mm;
218;"/Memory/MMDC_D6";3;5;7,5970 mm;56,8838 mm;0,0000 mm;64,4808 mm;
219;"/Memory/MMDC_D2";3;4;6,0776 mm;56,9349 mm;0,0000 mm;63,0125 mm;
220;"Net-(C101-Pad2)";2;0;0,0000 mm;0,0000 mm;0,0000 mm;0,0000 mm;
221;"/Memory/MMDC_D5";3;4;6,0776 mm;60,5426 mm;0,0000 mm;66,6202 mm;
225;"/Memory/SD1_CD";1;0;0,0000 mm;0,0000 mm;0,0000 mm;0,0000 mm;
226;"Net-(U1-PadT13)";2;0;0,0000 mm;0,0000 mm;0,0000 mm;0,0000 mm;
229;"/Memory/MMDC_D8";3;4;6,0776 mm;40,4537 mm;0,0000 mm;46,5313 mm;
230;"/Memory/MMDC_D9";3;4;6,0776 mm;41,2111 mm;0,0000 mm;47,2887 mm;
231;"/Memory/MMDC_D7";3;4;6,0776 mm;54,7575 mm;0,0000 mm;60,8351 mm;
232;"/Memory/MMDC_D10";3;4;6,0776 mm;45,4715 mm;0,0000 mm;51,5491 mm;
233;"/Memory/MMDC_D1";3;4;6,0776 mm;50,5044 mm;0,0000 mm;56,5820 mm;
234;"/Memory/MMDC_D3";3;4;6,0776 mm;58,8528 mm;0,0000 mm;64,9304 mm;
235;"/Memory/MMDC_D4";3;4;6,0776 mm;61,5655 mm;0,0000 mm;67,6431 mm;
239;"Net-(U1-PadU13)";2;0;0,0000 mm;0,0000 mm;0,0000 mm;0,0000 mm;
240;"Net-(R15-Pad1)";2;0;0,0000 mm;4,7059 mm;0,0000 mm;4,7059 mm;
243;"Net-(C102-Pad2)";2;0;0,0000 mm;0,0000 mm;0,0000 mm;0,0000 mm;
244;"Net-(C104-Pad2)";2;0;0,0000 mm;0,0000 mm;0,0000 mm;0,0000 mm;
245;"Net-(C106-Pad2)";3;0;0,0000 mm;0,0000 mm;0,0000 mm;0,0000 mm;
246;"Net-(C108-Pad1)";3;0;0,0000 mm;0,0000 mm;0,0000 mm;0,0000 mm;
247;"Net-(C109-Pad1)";3;0;0,0000 mm;0,0000 mm;0,0000 mm;0,0000 mm;
248;"Net-(C109-Pad2)";3;0;0,0000 mm;0,0000 mm;0,0000 mm;0,0000 mm;
249;"Net-(C110-Pad1)";3;0;0,0000 mm;0,0000 mm;0,0000 mm;0,0000 mm;
250;"Net-(C110-Pad2)";3;0;0,0000 mm;0,0000 mm;0,0000 mm;0,0000 mm;
254;"Net-(R13-Pad1)";2;0;0,0000 mm;0,0000 mm;0,0000 mm;0,0000 mm;
257;"Net-(C111-Pad2)";4;0;0,0000 mm;0,0000 mm;0,0000 mm;0,0000 mm;
258;"Net-(C112-Pad2)";4;0;0,0000 mm;0,0000 mm;0,0000 mm;0,0000 mm;
259;"Net-(C114-Pad2)";4;0;0,0000 mm;0,0000 mm;0,0000 mm;0,0000 mm;
260;"Net-(C115-Pad2)";4;0;0,0000 mm;0,0000 mm;0,0000 mm;0,0000 mm;
264;"Net-(R14-Pad1)";2;0;0,0000 mm;0,0000 mm;0,0000 mm;0,0000 mm;
267;"Net-(U8-PadD1)";2;0;0,0000 mm;0,0000 mm;0,0000 mm;0,0000 mm;
268;"Net-(U8-PadE1)";2;0;0,0000 mm;0,0000 mm;0,0000 mm;0,0000 mm;
269;"Net-(U8-PadE2)";2;0;0,0000 mm;0,0000 mm;0,0000 mm;0,0000 mm;
270;"Net-(U8-PadE3)";2;0;0,0000 mm;0,0000 mm;0,0000 mm;0,0000 mm;
271;"Net-(U8-PadF2)";2;0;0,0000 mm;0,0000 mm;0,0000 mm;0,0000 mm;
272;"Net-(U8-PadF3)";2;0;0,0000 mm;0,0000 mm;0,0000 mm;0,0000 mm;
273;"Net-(R47-Pad1)";1;0;0,0000 mm;0,0000 mm;0,0000 mm;0,0000 mm;
285;"/Network/ENET1_MII/RMII_MODE";1;0;0,0000 mm;0,0000 mm;0,0000 mm;0,0000 mm;
286;"Net-(R50-Pad2)";1;0;0,0000 mm;0,0000 mm;0,0000 mm;0,0000 mm;
287;"Net-(R48-Pad2)";1;0;0,0000 mm;0,0000 mm;0,0000 mm;0,0000 mm;
299;"Net-(C117-Pad2)";4;0;0,0000 mm;0,0000 mm;0,0000 mm;0,0000 mm;
300;"Net-(C118-Pad2)";4;0;0,0000 mm;0,0000 mm;0,0000 mm;0,0000 mm;
301;"Net-(C127-Pad1)";3;0;0,0000 mm;0,0000 mm;0,0000 mm;0,0000 mm;
302;"Net-(C128-Pad1)";2;0;0,0000 mm;0,0000 mm;0,0000 mm;0,0000 mm;
303;"/Display/HDMI_TX2p";2;0;0,0000 mm;0,0000 mm;0,0000 mm;0,0000 mm;
304;"/Display/HDMI_TX2n";2;0;0,0000 mm;0,0000 mm;0,0000 mm;0,0000 mm;
305;"/Display/HDMI_TX1p";2;0;0,0000 mm;0,0000 mm;0,0000 mm;0,0000 mm;
306;"/Display/HDMI_TX1n";2;0;0,0000 mm;0,0000 mm;0,0000 mm;0,0000 mm;
307;"/Display/HDMI_TX0p";2;0;0,0000 mm;0,0000 mm;0,0000 mm;0,0000 mm;
308;"/Display/HDMI_TX0n";2;0;0,0000 mm;0,0000 mm;0,0000 mm;0,0000 mm;
309;"/Display/HDMI_TXCp";2;0;0,0000 mm;0,0000 mm;0,0000 mm;0,0000 mm;
310;"/Display/HDMI_TXCn";2;0;0,0000 mm;0,0000 mm;0,0000 mm;0,0000 mm;
311;"/USB/USB1_DP";2;0;0,0000 mm;0,0000 mm;0,0000 mm;0,0000 mm;
312;"/USB/USB1_DN";2;0;0,0000 mm;0,0000 mm;0,0000 mm;0,0000 mm;
313;"Net-(R26-Pad2)";2;0;0,0000 mm;0,0000 mm;0,0000 mm;0,0000 mm;
314;"Net-(R27-Pad1)";2;0;0,0000 mm;0,0000 mm;0,0000 mm;0,0000 mm;
315;"Net-(R41-Pad2)";3;0;0,0000 mm;0,0000 mm;0,0000 mm;0,0000 mm;
316;"Net-(R63-Pad2)";2;0;0,0000 mm;0,0000 mm;0,0000 mm;0,0000 mm;
317;"/Display/LCD_CLK";2;0;0,0000 mm;0,0000 mm;0,0000 mm;0,0000 mm;
318;"/Display/LCD_DAT1";2;0;0,0000 mm;0,0000 mm;0,0000 mm;0,0000 mm;
319;"/Display/LCD_DAT6";2;0;0,0000 mm;0,0000 mm;0,0000 mm;0,0000 mm;
320;"/Display/LCD_DAT9";2;0;0,0000 mm;0,0000 mm;0,0000 mm;0,0000 mm;
321;"/Display/LCD_DAT14";2;0;0,0000 mm;0,0000 mm;0,0000 mm;0,0000 mm;
322;"/Display/LCD_DAT18";3;0;0,0000 mm;0,0000 mm;0,0000 mm;0,0000 mm;
323;"/Display/LCD_DAT22";2;0;0,0000 mm;0,0000 mm;0,0000 mm;0,0000 mm;
324;"/Display/LCD_EN";3;0;0,0000 mm;0,0000 mm;0,0000 mm;0,0000 mm;
325;"/Display/LCD_DAT0";2;0;0,0000 mm;0,0000 mm;0,0000 mm;0,0000 mm;
326;"/Display/LCD_DAT5";2;0;0,0000 mm;0,0000 mm;0,0000 mm;0,0000 mm;
327;"/Display/LCD_DAT8";2;0;0,0000 mm;0,0000 mm;0,0000 mm;0,0000 mm;
328;"/Display/LCD_DAT13";2;0;0,0000 mm;0,0000 mm;0,0000 mm;0,0000 mm;
329;"/Display/LCD_DAT17";3;0;0,0000 mm;0,0000 mm;0,0000 mm;0,0000 mm;
330;"/Display/LCD_DAT21";2;0;0,0000 mm;0,0000 mm;0,0000 mm;0,0000 mm;
331;"/Display/LCD_DAT23";2;0;0,0000 mm;0,0000 mm;0,0000 mm;0,0000 mm;
332;"/Display/LCD_VSYNC";2;0;0,0000 mm;0,0000 mm;0,0000 mm;0,0000 mm;
333;"/Display/LCD_DAT4";2;0;0,0000 mm;0,0000 mm;0,0000 mm;0,0000 mm;
334;"/Display/LCD_DAT12";2;0;0,0000 mm;0,0000 mm;0,0000 mm;0,0000 mm;
335;"/Display/LCD_DAT16";3;0;0,0000 mm;0,0000 mm;0,0000 mm;0,0000 mm;
336;"/Display/LCD_DAT20";2;0;0,0000 mm;0,0000 mm;0,0000 mm;0,0000 mm;
337;"/Display/LCD_HSYNC";2;0;0,0000 mm;0,0000 mm;0,0000 mm;0,0000 mm;
338;"/Display/LCD_DAT3";2;0;0,0000 mm;0,0000 mm;0,0000 mm;0,0000 mm;
339;"/Display/LCD_DAT7";2;0;0,0000 mm;0,0000 mm;0,0000 mm;0,0000 mm;
340;"/Display/LCD_DAT11";2;0;0,0000 mm;0,0000 mm;0,0000 mm;0,0000 mm;
341;"/Display/LCD_DAT15";2;0;0,0000 mm;0,0000 mm;0,0000 mm;0,0000 mm;
342;"/Display/LCD_DAT19";3;0;0,0000 mm;0,0000 mm;0,0000 mm;0,0000 mm;
343;"/Display/LCD_RST";2;0;0,0000 mm;0,0000 mm;0,0000 mm;0,0000 mm;
344;"/Display/LCD_DAT2";2;0;0,0000 mm;0,0000 mm;0,0000 mm;0,0000 mm;
345;"/Display/LCD_DAT10";2;0;0,0000 mm;0,0000 mm;0,0000 mm;0,0000 mm;
346;"Net-(R49-Pad1)";1;0;0,0000 mm;0,0000 mm;0,0000 mm;0,0000 mm;
347;"Net-(R55-Pad2)";1;0;0,0000 mm;0,0000 mm;0,0000 mm;0,0000 mm;
348;"Net-(R53-Pad1)";1;0;0,0000 mm;0,0000 mm;0,0000 mm;0,0000 mm;
349;"Net-(R51-Pad2)";1;0;0,0000 mm;0,0000 mm;0,0000 mm;0,0000 mm;
350;"Net-(R52-Pad2)";1;0;0,0000 mm;0,0000 mm;0,0000 mm;0,0000 mm;
351;"Net-(R59-Pad1)";1;0;0,0000 mm;0,0000 mm;0,0000 mm;0,0000 mm;
352;"Net-(R65-Pad2)";1;0;0,0000 mm;0,0000 mm;0,0000 mm;0,0000 mm;
353;"Net-(R62-Pad1)";1;0;0,0000 mm;0,0000 mm;0,0000 mm;0,0000 mm;
354;"/Display/E-PAPER/VB";6;0;0,0000 mm;0,0000 mm;0,0000 mm;0,0000 mm;
355;"/Display/E-PAPER/VN";9;0;0,0000 mm;0,0000 mm;0,0000 mm;0,0000 mm;
356;"/Display/E-PAPER/VCOM";2;0;0,0000 mm;0,0000 mm;0,0000 mm;0,0000 mm;
357;"/Display/E-PAPER/VEE";2;0;0,0000 mm;0,0000 mm;0,0000 mm;0,0000 mm;
358;"/Display/E-PAPER/VDDH";2;0;0,0000 mm;0,0000 mm;0,0000 mm;0,0000 mm;
359;"Net-(D12-Pad2)";3;0;0,0000 mm;0,0000 mm;0,0000 mm;0,0000 mm;
360;"Net-(D17-Pad1)";3;0;0,0000 mm;0,0000 mm;0,0000 mm;0,0000 mm;
361;"Net-(FB2-Pad2)";2;0;0,0000 mm;0,0000 mm;0,0000 mm;0,0000 mm;
362;"Net-(FB3-Pad2)";2;0;0,0000 mm;0,0000 mm;0,0000 mm;0,0000 mm;
363;"Net-(FB4-Pad2)";2;0;0,0000 mm;0,0000 mm;0,0000 mm;0,0000 mm;
364;"Net-(FB5-Pad2)";2;0;0,0000 mm;0,0000 mm;0,0000 mm;0,0000 mm;
365;"Net-(R67-Pad1)";2;0;0,0000 mm;0,0000 mm;0,0000 mm;0,0000 mm;
366;"Net-(R68-Pad1)";2;0;0,0000 mm;0,0000 mm;0,0000 mm;0,0000 mm;
367;"Net-(R85-Pad2)";3;0;0,0000 mm;0,0000 mm;0,0000 mm;0,0000 mm;
368;"Net-(R86-Pad2)";3;0;0,0000 mm;0,0000 mm;0,0000 mm;0,0000 mm;
369;"Net-(R87-Pad2)";3;0;0,0000 mm;0,0000 mm;0,0000 mm;0,0000 mm;
370;"Net-(R88-Pad2)";3;0;0,0000 mm;0,0000 mm;0,0000 mm;0,0000 mm;
371;"Net-(R89-Pad2)";2;0;0,0000 mm;0,0000 mm;0,0000 mm;0,0000 mm;
372;"Net-(R91-Pad2)";2;0;0,0000 mm;0,0000 mm;0,0000 mm;0,0000 mm;
373;"Net-(R93-Pad2)";2;0;0,0000 mm;0,0000 mm;0,0000 mm;0,0000 mm;
374;"Net-(R94-Pad2)";2;0;0,0000 mm;0,0000 mm;0,0000 mm;0,0000 mm;
375;"/Sound/MIC";2;0;0,0000 mm;0,0000 mm;0,0000 mm;0,0000 mm;
376;"/Sound/GROUND";2;0;0,0000 mm;0,0000 mm;0,0000 mm;0,0000 mm;
377;"/Memory/MMDC_ODT1";2;2;3,0388 mm;43,5842 mm;0,0000 mm;46,6230 mm;
378;"/Memory/MMDC_ODT0";2;2;3,0388 mm;14,9642 mm;0,0000 mm;18,0030 mm;
379;"/Memory/MMDC_SDQS0_P";3;3;4,5582 mm;45,9225 mm;0,0000 mm;50,4807 mm;
380;"/Memory/MMDC_SDQS0_N";3;5;7,5970 mm;45,2510 mm;0,0000 mm;52,8480 mm;
381;"/Memory/MMDC_SDQS1_P";3;3;4,5582 mm;42,4828 mm;0,0000 mm;47,0410 mm;
382;"/Memory/MMDC_SDQS1_N";3;5;7,5970 mm;42,9346 mm;0,0000 mm;50,5316 mm;
383;"/Memory/MMDC_DQM1";3;5;7,5970 mm;47,2893 mm;0,0000 mm;54,8863 mm;
384;"/Memory/MMDC_DQM0";3;4;6,0776 mm;55,7484 mm;0,0000 mm;61,8260 mm;
385;"Net-(R19-Pad1)";2;0;0,0000 mm;3,8527 mm;0,0000 mm;3,8527 mm;
390;"Net-(J5-Pad2)";2;0;0,0000 mm;0,0000 mm;0,0000 mm;0,0000 mm;
399;"/Display/E-PAPER/XSCL";1;0;0,0000 mm;0,0000 mm;0,0000 mm;0,0000 mm;
400;"/Display/E-PAPER/XSDA";1;0;0,0000 mm;0,0000 mm;0,0000 mm;0,0000 mm;
402;"/Display/E-PAPER/VDD";1;0;0,0000 mm;0,0000 mm;0,0000 mm;0,0000 mm;
406;"/Display/E-PAPER/VEE_FB";1;0;0,0000 mm;0,0000 mm;0,0000 mm;0,0000 mm;
407;"/Display/E-PAPER/VDD_FB";1;0;0,0000 mm;0,0000 mm;0,0000 mm;0,0000 mm;
409;"Net-(C56-Pad1)";3;0;0,0000 mm;0,0000 mm;0,0000 mm;0,0000 mm;
410;"Net-(C57-Pad1)";3;0;0,0000 mm;0,0000 mm;0,0000 mm;0,0000 mm;
411;"Net-(C58-Pad1)";3;0;0,0000 mm;0,0000 mm;0,0000 mm;0,0000 mm;
412;"Net-(C60-Pad1)";16;0;0,0000 mm;0,0000 mm;0,0000 mm;0,0000 mm;
413;"Net-(C63-Pad1)";9;0;0,0000 mm;0,0000 mm;0,0000 mm;0,0000 mm;
414;"Net-(C64-Pad2)";4;0;0,0000 mm;0,0000 mm;0,0000 mm;0,0000 mm;
415;"Net-(C65-Pad2)";4;0;0,0000 mm;0,0000 mm;0,0000 mm;0,0000 mm;
416;"Net-(C82-Pad2)";3;0;0,0000 mm;0,0000 mm;0,0000 mm;0,0000 mm;
417;"Net-(C83-Pad2)";2;0;0,0000 mm;0,0000 mm;0,0000 mm;0,0000 mm;
418;"Net-(C84-Pad2)";3;0;0,0000 mm;0,0000 mm;0,0000 mm;0,0000 mm;
419;"Net-(C85-Pad2)";3;0;0,0000 mm;0,0000 mm;0,0000 mm;0,0000 mm;
420;"Net-(C86-Pad2)";2;0;0,0000 mm;0,0000 mm;0,0000 mm;0,0000 mm;
421;"Net-(C87-Pad1)";2;0;0,0000 mm;0,0000 mm;0,0000 mm;0,0000 mm;
422;"Net-(C88-Pad1)";2;0;0,0000 mm;0,0000 mm;0,0000 mm;0,0000 mm;
423;"Net-(C96-Pad2)";3;0;0,0000 mm;0,0000 mm;0,0000 mm;0,0000 mm;
424;"Net-(C98-Pad2)";3;0;0,0000 mm;0,0000 mm;0,0000 mm;0,0000 mm;
425;"Net-(C100-Pad1)";3;0;0,0000 mm;0,0000 mm;0,0000 mm;0,0000 mm;
426;"Net-(C101-Pad1)";2;0;0,0000 mm;0,0000 mm;0,0000 mm;0,0000 mm;
427;"Net-(C102-Pad1)";2;0;0,0000 mm;0,0000 mm;0,0000 mm;0,0000 mm;
428;"Net-(C103-Pad1)";2;0;0,0000 mm;0,0000 mm;0,0000 mm;0,0000 mm;
429;"Net-(C103-Pad2)";2;0;0,0000 mm;0,0000 mm;0,0000 mm;0,0000 mm;
430;"Net-(C104-Pad1)";2;0;0,0000 mm;0,0000 mm;0,0000 mm;0,0000 mm;
431;"Net-(C105-Pad1)";3;0;0,0000 mm;0,0000 mm;0,0000 mm;0,0000 mm;
432;"Net-(C105-Pad2)";3;0;0,0000 mm;0,0000 mm;0,0000 mm;0,0000 mm;
433;"Net-(C106-Pad1)";3;0;0,0000 mm;0,0000 mm;0,0000 mm;0,0000 mm;
434;"Net-(C107-Pad1)";3;0;0,0000 mm;0,0000 mm;0,0000 mm;0,0000 mm;
435;"Net-(C107-Pad2)";3;0;0,0000 mm;0,0000 mm;0,0000 mm;0,0000 mm;
436;"Net-(C108-Pad2)";3;0;0,0000 mm;0,0000 mm;0,0000 mm;0,0000 mm;
437;"Net-(C119-Pad1)";3;0;0,0000 mm;0,0000 mm;0,0000 mm;0,0000 mm;
438;"Net-(C120-Pad1)";3;0;0,0000 mm;0,0000 mm;0,0000 mm;0,0000 mm;
439;"Net-(C128-Pad2)";3;0;0,0000 mm;0,0000 mm;0,0000 mm;0,0000 mm;
440;"Net-(C129-Pad1)";2;0;0,0000 mm;0,0000 mm;0,0000 mm;0,0000 mm;
441;"Net-(C129-Pad2)";3;0;0,0000 mm;0,0000 mm;0,0000 mm;0,0000 mm;
442;"Net-(C131-Pad1)";2;0;0,0000 mm;0,0000 mm;0,0000 mm;0,0000 mm;
443;"Net-(C132-Pad2)";2;0;0,0000 mm;0,0000 mm;0,0000 mm;0,0000 mm;
444;"Net-(C133-Pad1)";3;0;0,0000 mm;0,0000 mm;0,0000 mm;0,0000 mm;
445;"Net-(C134-Pad2)";2;0;0,0000 mm;0,0000 mm;0,0000 mm;0,0000 mm;
448;"Net-(J5-Pad3)";2;0;0,0000 mm;0,0000 mm;0,0000 mm;0,0000 mm;
449;"Net-(J5-Pad6)";2;0;0,0000 mm;0,0000 mm;0,0000 mm;0,0000 mm;
450;"Net-(J5-Pad7)";2;0;0,0000 mm;0,0000 mm;0,0000 mm;0,0000 mm;
451;"Net-(J7-Pad1)";2;0;0,0000 mm;0,0000 mm;0,0000 mm;0,0000 mm;
452;"Net-(J7-Pad3)";2;0;0,0000 mm;0,0000 mm;0,0000 mm;0,0000 mm;
453;"Net-(J7-Pad4)";2;0;0,0000 mm;0,0000 mm;0,0000 mm;0,0000 mm;
454;"Net-(J7-Pad6)";2;0;0,0000 mm;0,0000 mm;0,0000 mm;0,0000 mm;
456;"Net-(J7-PadL2)";2;0;0,0000 mm;0,0000 mm;0,0000 mm;0,0000 mm;
457;"Net-(J7-PadL3)";2;0;0,0000 mm;0,0000 mm;0,0000 mm;0,0000 mm;
464;"Net-(J9-PadR2)";4;0;0,0000 mm;0,0000 mm;0,0000 mm;0,0000 mm;
465;"Net-(J9-PadS)";4;0;0,0000 mm;0,0000 mm;0,0000 mm;0,0000 mm;
466;"Net-(J6-Pad10)";1;0;0,0000 mm;0,0000 mm;0,0000 mm;0,0000 mm;
467;"Net-(J6-Pad2)";1;0;0,0000 mm;0,0000 mm;0,0000 mm;0,0000 mm;
468;"Net-(C138-Pad1)";1;0;0,0000 mm;0,0000 mm;0,0000 mm;0,0000 mm;
